{
  "fidelity": 0.9999999999999989,
  "trace_distance": 0.015254393898255184,
  "bloch_error": 0.030508787796510367
}