{
  "fidelity": 1.0000000052683549,
  "trace_distance": 0.029378142493147116,
  "bloch_error": 0.05875628498629423
}