{
  "fidelity": 1.0000000052683549,
  "trace_distance": 0.013028968812623373,
  "bloch_error": 0.026057937625246747
}