{
  "fidelity": 0.9999999999999989,
  "trace_distance": 0.013671875,
  "bloch_error": 0.02734375
}