{
  "fidelity": 1.0,
  "trace_distance": 0.015254393898255184,
  "bloch_error": 0.030508787796510367
}