{
  "fidelity": 1.0,
  "trace_distance": 0.03803582440263759,
  "bloch_error": 0.07607164880527519
}